Song Title,Artist,Year,Link,,,,,,
If I ain’t got you,Alicia Keys,2004,Alicia Keys - If I Ain't Got You (Official HD Video),,,,,,
My Boo,Usher,2004,"Usher, Alicia Keys - My Boo (Official Video)",,,,,,
Yeah,Usher,2004,"Usher - Yeah! (Official Video) ft. Lil Jon, Ludacris",,,,,,
Numb,Linkin Park,2004,Numb (Official Music Video) [4K UPGRADE] – Linkin Park,,,,,,
Milkshake,Kelis,2004,Kelis - Milkshake (Official Music Video),,,,,,
Sun Rising Up,Deux,2005,Deux feat. Rebeka Brown - Sun Rising Up (Main Vocal Mix),,,,,,
We Belong Together,Mariah Carey,2005,Mariah Carey - We Belong Together (Official Music Video),,,,,,
Let Me Love You,Mario,2005,Mario - Let Me Love You (Official Video),,,,,,
Fix You,Coldplay,2005,Coldplay - Fix You (Official Video),,,,,,
Lose Control ,Missy Elliot,2005,Missy Elliott - Lose Control (feat. Ciara & Fat Man Scoop) [Official Music Video],,,,,,
The Cure and The Cause,Fish Go Deep,2006,Fish Go Deep & Tracey K -The Cure & The Cause (Dennis Ferrer Remix) [Full Length] 2006,,,,,,
Stupid Girls,Pink,2006,P!nk - Stupid Girls,,,,,,
My Love,Justin Timberlake,2006,Justin Timberlake - My Love,,,,,,
Crazy,Gnarls Barkley,2006,Gnarls Barkley - Crazy (Official Video) [4K Remaster],,,,,,
Buttons,The Pussycat Dolls,2006,The Pussycat Dolls - Buttons (Official Music Video) ft. Snoop Dogg,,,,,,
Deja Vu,Beyonce,2007,Beyoncé - Deja Vu (MTV Video Version) ft. JAY-Z,,,,,,
Irreplaceable,Beyonce,2007,Beyoncé - Irreplaceable,,,,,,
Big Girls don't cry,Fergie,2007,Fergie - Big Girls Don't Cry (Personal) (Official Music Video),,,,,,
What goes around comes around ,Justin Timberlake,2007,What Goes Around...Comes Around (Official Video),,,,,,
U + Ur Hand,Pink,2007,P!NK - U + Ur Hand,,,,,,
Bleeding Love,Leona Lewis,2008,Leona Lewis - Bleeding Love (Official Video),,,,,,
Don’t Stop the Music,Rihanna,2008,Rihanna - Don't Stop The Music,,,,,,
Closer,Ne-Yo,2008,Ne-Yo - Closer (Official Music Video),,,,,,
So What,Pink,2008,P!nk - So What (Official Video),,,,,,
No One,Alicia Keys,2008,Alicia Keys - No One (Official Music Video),,,,,,
Sky and Sand,Paul Kalkbrenner,2009,Paul Kalkbrenner - Sky and Sand (Official Music Video),,,,,,
Deep Fear,Sideckick,2009,Sidekick - Deep Fear,,,,,,
Empire State of Mind,Jay-Z,2009,JAŸ-Z - Empire State Of Mind ft. Alicia Keys,,,,,,
Hey Hey,Dennis Ferrer,2009,DENNIS FERRER - Hey Hey [Official Video],,,,,,
Day n Nite,Kid Cudi,2009,Kid Cudi vs. Crookers - Day 'n' Night (Official Video),,,,,,
Superman,Black Coffee,2010,Superman,,,,,,
Just the way you are,Bruno Mars,2010,Bruno Mars - Just The Way You Are (Official Music Video),,,,,,
Canoa,Gregor Salto,2010,DJ Gregory & Gregor Salto - Canoa,,,,,,
Love the way you lie,Eminem,2010,Eminem - Love The Way You Lie ft. Rihanna,,,,,,
What’s my name,Rihanna,2010,Rihanna - What's My Name? ft. Drake,,,,,,
Grenade,Bruno Mars,2011,Bruno Mars - Grenade (Official Music Video),,,,,,
We Found Love,Rihanna,2011,Rihanna - We Found Love ft. Calvin Harris,,,,,,
Rolling in the deep,Adele,2011,Adele - Rolling in the Deep (Official Music Video),,,,,,
Born this way,Lady Gaga,2011,Lady Gaga - Born This Way (Official Music Video),,,,,,
Someone like you,Adele,2011,Adele - Someone Like You (Official Music Video),,,,,,
Something Special,Miguel Campbell,2012,Miguel Campbell - Something Special (Original Mix),,,,,,
Diamonds,Rihanna,2012,Rihanna - Diamonds,,,,,,
Set fire to the rain,Adele,2012,Set Fire to the Rain,,,,,,
Locked out of heaven,Bruno Mars,2012,Bruno Mars - Locked Out Of Heaven (Official Music Video),,,,,,
Titanium,Sia,2012,David Guetta - Titanium ft. Sia (Official Video),,,,,,
When I was your man,Bruno Mars,2013,Bruno Mars - When I Was Your Man (Official Music Video),,,,,,
Pour It Up,Rihanna,2013,Rihanna - Pour It Up (Explicit),,,,,,
Get Lucky,Daft Punk,2013,"Daft Punk - Get Lucky (Official Audio) ft. Pharrell Williams, Nile Rodgers",,,,,,
Blurred Lines,Robin Thicke,2013,"Robin Thicke - Blurred Lines ft. T.I., Pharrell",,,,,,
Just give me a reason,Pink,2013,P!nk - Just Give Me A Reason ft. Nate Ruess,,,,,,
Happy,Pharrel Williams,2014,Pharrell Williams - Happy (Official Video),,,,,,
All of Me,John Legend,2014,John Legend - All of Me (Official Video),,,,,,
Latch,Disclosure,2014,Disclosure - Latch ft. Sam Smith,,,,,,
Rather Be,Clean Bandit,2014,Clean Bandit - Rather Be ft. Jess Glynne [Official Video],,,,,,
La La La,Naughty Boy,2014,Naughty Boy - La la la ft. Sam Smith (Official Video),,,,,,
Earned It,The Weekend,2015,The Weeknd - Earned It (Fifty Shades Of Grey),,,,,,
The Hills,The Weekend,2015,The Weeknd - The Hills,,,,,,
How deep is your love,Calvin Harris,2015,Calvin Harris & Disciples - How Deep Is Your Love,,,,,,
Thinking out loud,Ed Sheeran,2015,Ed Sheeran - Thinking Out Loud (Official Music Video),,,,,,
Can’t feel my face,The Weekend,2015,The Weeknd - Can't Feel My Face (Official Video),,,,,,
I’m Yours,Alessia Cara,2016,Alessia Cara - I’m Yours (Official Audio),,,,,,
Work,Rihanna,2016,Rihanna - Work (Explicit) ft. Drake,,,,,,
Can’t stop the feeling,Justin Timberlake,2016,"Justin Timberlake - CAN'T STOP THE FEELING! (from DreamWorks Animation's ""TROLLS"") (Official Video)",,,,,,
Pillowtalk,ZAYN,2016,ZAYN - PILLOWTALK (Official Video),,,,,,
Too Good,Drake,2016,Drake - Too Good ft. Rihanna,,,,,,
Love on the brain,Rihanna,2017,Rihanna - Love On The Brain,,,,,,#VALUE!
King of my castle,Wamdue Project,2017,Wamdue Project - King of My Castle (Official HD Video),,,,,,#VALUE!
There’s nothing holding me back,Shawn Mendes,2017,Shawn Mendes - There's Nothing Holdin' Me Back (Official Music Video),,,,,,#VALUE!
Me rehuso,Danny Ocean,2017,Danny Ocean -  Me Rehúso (Official Audio),,,,,,#VALUE!
Despacito,Luis Fonsi,2017,Luis Fonsi - Despacito ft. Daddy Yankee,,,,,,#VALUE!
Wish I didn’t miss you,Angie Stone,2018,Angie Stone - Wish I Didn't Miss You,,,,,,
Cola,Camelphat,2018,CamelPhat & Elderbrook 'Cola' (Official Video),,,,,,
So hooked on your lovin’,Selace,2018,Selace ‘So Hooked On Your Lovin’ (Mousse T.’s Extended Disco Shizzle),,,,,,
Gypsy Woman,Crystal Waters,2018,Crystal Waters - Gypsy Woman (She's Homeless) (Official Music Video),,,,,,
Lola’s Theme,The Shapeshifters,2018,The Shapeshifters - Lola's Theme (OFFICIAL VIDEO),,,,,,
"Pa mi, Cuaderno, Que mas pues",Dalex,2019,Dalex - Mashup Acústico (Rich Music Sessions),,,,,,
Cuaderno,Nicky Jam,2019,"Dalex - Cuaderno ft. Nicky Jam, Sech, Justin Quiles, Feid, Lenny Tavárez, Rafa Pabön [Audio Oficial]",,,,,,
No voy  a llorar,Natti Natasha,2019,Natti Natasha - No Voy a Llorar [Official Video],,,,,,
Callaita,Bad Bunny,2019,BAD BUNNY - CALLAÍTA (Video Oficial),,,,,,
Fingias,Paloma Mami,2019,Paloma Mami - Fingías (Official Video),,,,,,
Rise Up,Andra Day,2020,Andra Day - Rise Up [Official Music Video] [Inspiration Version],,,,,,
Ride It,Regard,2020,Regard - Ride It (Official Video),,,,,,
Drive,Black Coffee,2020,Drive,,,,,,
Promises,Calvin Harris,2020,"Calvin Harris, Sam Smith - Promises (Official Video)",,,,,,
El mismo Aire,Camilo,2020,"Camilo, Pablo Alborán - El Mismo Aire (Official Video)",,,,,,
Needed Me,Rihanna,2021,Needed Me,,,,,,
Pretty Please,Dua Lipa,2021,Dua Lipa - Pretty Please (Music Video),,,,,,
La Fama,Rosalia,2021,ROSALÍA - LA FAMA (Official Video) ft. The Weeknd,,,,,,
Demasiadas Mujeres,C. Tangana,2021,C. Tangana - Demasiadas Mujeres (Video Oficial),,,,,,
No se perdona,Rels B,2021,"Rels B, NATHY PELUSO - NO SE PERDONA (Video Oficial)",,,,,,
Buenos Aires,Nathy Peluso,2022,NATHY PELUSO - BUENOS AIRES,,,,,,
Todo Contigo,Yoli Saa,2022,Yoly Saa - Todo contigo (Videoclip Ofiical),,,,,,
Slomo,Channel,2022,Chanel - SloMo (Official Video) [Eurovision 2022],,,,,,
Linda,Rosalia,2022,Tokischa x ROSALÍA - Linda [Official Video],,,,,,
Los Tontos,C. Tangana,2022,"C. Tangana, Kiko Veneno - Los Tontos",,,,,,
Flowers,Miley Cyrus,2023,Miley Cyrus - Flowers (Official Video),,,,,,
The Rapture pt. III,Keinemusik,2023,"&ME, Black Coffee - The Rapture Pt.III",,,,,,
Innerbloom,Rufus du Sol,2023,RÜFÜS DU SOL ?? Innerbloom (Official Video),,,,,,
Prisioner,Miley Cyrus,2023,Miley Cyrus - Prisoner (Official Video) ft. Dua Lipa,,,,,,
Watermelon Sugar,Shoby,2023,Zach Oliver - Watermelon Sugar (Shoby Remix),,,,,,
Move,Keinemusik,2024,"Adam Port, Stryv - Move feat. Malachiii (Extended Version)",,,,,,
Oh my God,Adele,2024,Adele - Oh My God (Official Video),,,,,,
Jump,Levi,2024,Levi - Jump (Official Visualiser),,,,,,
Darling,Shimza,2024,Shimza & Aloe Blacc - Darling (Visualizer) [Helix Records],,,,,,
Don’t be so shy,Imany,2024,Imany - Don't Be So Shy (Filatov & Karas Remix) / Official Music Video,,,,,,
Crazy for it,Keinemusik,2025,"Keinemusik, Boys Noize - Crazy For It (feat. Vinson)",,,,,,
Una noche,HUGEL,2025,una noche con hugel,,,,,,
Places,Shimza,2025,Elderbrook & Shimza - Places (Official Video),,,,,,
Overthink,Naarly,2025,Overthink,,,,,,
I Adore You,HUGEL,2025,HUGEL x Topic x Arash feat. Daecolm - I Adore You (Visualizer),,,,,,
