year,title,artist,link_title,youtube_id,search_url
2004,If I ain’t got you,Alicia Keys,Alicia Keys - If I Ain't Got You (Official HD Video),Ju8Hr50Ckwk,https://www.youtube.com/results?search_query=Alicia%20Keys%20-%20If%20I%20Ain%27t%20Got%20You%20%28Official%20HD%20Video%29
2004,My Boo,Usher,"Usher, Alicia Keys - My Boo (Official Video)",fPgf2meEX1w,https://www.youtube.com/results?search_query=Usher%2C%20Alicia%20Keys%20-%20My%20Boo%20%28Official%20Video%29
2004,Yeah,Usher,"Usher - Yeah! (Official Video) ft. Lil Jon, Ludacris",GxBSyx85Kp8,https://www.youtube.com/results?search_query=Usher%20-%20Yeah%21%20%28Official%20Video%29%20ft.%20Lil%20Jon%2C%20Ludacris
2004,Numb,Linkin Park,Numb (Official Music Video) [4K UPGRADE] – Linkin Park,kXYiU_JCYtU,https://www.youtube.com/results?search_query=Numb%20%28Official%20Music%20Video%29%20%5B4K%20UPGRADE%5D%20%E2%80%93%20Linkin%20Park
2004,Milkshake,Kelis,Kelis - Milkshake (Official Music Video),6AwXKJoKJz4,https://www.youtube.com/results?search_query=Kelis%20-%20Milkshake%20%28Official%20Music%20Video%29
2005,Sun Rising Up,Deux,Deux feat. Rebeka Brown - Sun Rising Up (Main Vocal Mix),IqJ5Y-3qymY,https://www.youtube.com/results?search_query=Deux%20feat.%20Rebeka%20Brown%20-%20Sun%20Rising%20Up%20%28Main%20Vocal%20Mix%29
2005,We Belong Together,Mariah Carey,Mariah Carey - We Belong Together (Official Music Video),0habxsuXW4g,https://www.youtube.com/results?search_query=Mariah%20Carey%20-%20We%20Belong%20Together%20%28Official%20Music%20Video%29
2005,Let Me Love You,Mario,Mario - Let Me Love You (Official Video),H64QG4UsrGI,https://www.youtube.com/results?search_query=Mario%20-%20Let%20Me%20Love%20You%20%28Official%20Video%29
2005,Fix You,Coldplay,Coldplay - Fix You (Official Video),k4V3Mo61fJM,https://www.youtube.com/results?search_query=Coldplay%20-%20Fix%20You%20%28Official%20Video%29
2005,Lose Control,Missy Elliot,Missy Elliott - Lose Control (feat. Ciara & Fat Man Scoop) [Official Music Video],na7lIb09898,https://www.youtube.com/results?search_query=Missy%20Elliott%20-%20Lose%20Control%20%28feat.%20Ciara%20%26%20Fat%20Man%20Scoop%29%20%5BOfficial%20Music%20Video%5D
2006,The Cure and The Cause,Fish Go Deep,Fish Go Deep & Tracey K -The Cure & The Cause (Dennis Ferrer Remix) [Full Length] 2006,ikJCO_FrQQ8,https://www.youtube.com/results?search_query=Fish%20Go%20Deep%20%26%20Tracey%20K%20-The%20Cure%20%26%20The%20Cause%20%28Dennis%20Ferrer%20Remix%29%20%5BFull%20Length%5D%202006
2006,Stupid Girls,Pink,P!nk - Stupid Girls,BR4yQFZK9YM,https://www.youtube.com/results?search_query=P%21nk%20-%20Stupid%20Girls
2006,My Love,Justin Timberlake,Justin Timberlake - My Love,FqP3-_F0YTs,https://www.youtube.com/results?search_query=Justin%20Timberlake%20-%20My%20Love
2006,Crazy,Gnarls Barkley,Gnarls Barkley - Crazy (Official Video) [4K Remaster],-N4jf6rtyuw,https://www.youtube.com/results?search_query=Gnarls%20Barkley%20-%20Crazy%20%28Official%20Video%29%20%5B4K%20Remaster%5D
2006,Buttons,The Pussycat Dolls,The Pussycat Dolls - Buttons (Official Music Video) ft. Snoop Dogg,VCLxJd1d84s,https://www.youtube.com/results?search_query=The%20Pussycat%20Dolls%20-%20Buttons%20%28Official%20Music%20Video%29%20ft.%20Snoop%20Dogg
2007,Deja Vu,Beyonce,Beyoncé - Deja Vu (MTV Video Version) ft. JAY-Z,RQ9BWndKEgs,https://www.youtube.com/results?search_query=Beyonc%C3%A9%20-%20Deja%20Vu%20%28MTV%20Video%20Version%29%20ft.%20JAY-Z
2007,Irreplaceable,Beyonce,Beyoncé - Irreplaceable,2EwViQxSJJQ,https://www.youtube.com/results?search_query=Beyonc%C3%A9%20-%20Irreplaceable
2007,Big Girls don't cry,Fergie,Fergie - Big Girls Don't Cry (Personal) (Official Music Video),agrXgrAgQ0U,https://www.youtube.com/results?search_query=Fergie%20-%20Big%20Girls%20Don%27t%20Cry%20%28Personal%29%20%28Official%20Music%20Video%29
2007,What goes around comes around,Justin Timberlake,What Goes Around...Comes Around (Official Video),TOrnUquxtwA,https://www.youtube.com/results?search_query=What%20Goes%20Around...Comes%20Around%20%28Official%20Video%29
2007,U + Ur Hand,Pink,P!NK - U + Ur Hand,YUtHjOvPKT0,https://www.youtube.com/results?search_query=P%21NK%20-%20U%20%2B%20Ur%20Hand
2008,Bleeding Love,Leona Lewis,Leona Lewis - Bleeding Love (Official Video),Vzo-EL_62fQ,https://www.youtube.com/results?search_query=Leona%20Lewis%20-%20Bleeding%20Love%20%28Official%20Video%29
2008,Don’t Stop the Music,Rihanna,Rihanna - Don't Stop The Music,yd8jh9QYfEs,https://www.youtube.com/results?search_query=Rihanna%20-%20Don%27t%20Stop%20The%20Music
2008,Closer,Ne-Yo,Ne-Yo - Closer (Official Music Video),z_aC5xPQ2f4,https://www.youtube.com/results?search_query=Ne-Yo%20-%20Closer%20%28Official%20Music%20Video%29
2008,So What,Pink,P!nk - So What (Official Video),FJfFZqTlWrQ,https://www.youtube.com/results?search_query=P%21nk%20-%20So%20What%20%28Official%20Video%29
2008,No One,Alicia Keys,Alicia Keys - No One (Official Music Video),rywUS-ohqeE,https://www.youtube.com/results?search_query=Alicia%20Keys%20-%20No%20One%20%28Official%20Music%20Video%29
2009,Sky and Sand,Paul Kalkbrenner,Paul Kalkbrenner - Sky and Sand (Official Music Video),8ybFb_wKlvQ,https://www.youtube.com/results?search_query=Paul%20Kalkbrenner%20-%20Sky%20and%20Sand%20%28Official%20Music%20Video%29
2009,Deep Fear,Sideckick,Sidekick - Deep Fear,6cch3DYMUmI,https://www.youtube.com/results?search_query=Sidekick%20-%20Deep%20Fear
2009,Empire State of Mind,Jay-Z,JAŸ-Z - Empire State Of Mind ft. Alicia Keys,vk6014HuxcE,https://www.youtube.com/results?search_query=JA%C5%B8-Z%20-%20Empire%20State%20Of%20Mind%20ft.%20Alicia%20Keys
2009,Hey Hey,Dennis Ferrer,DENNIS FERRER - Hey Hey [Official Video],ZqXTtRXDPrw,https://www.youtube.com/results?search_query=DENNIS%20FERRER%20-%20Hey%20Hey%20%5BOfficial%20Video%5D
2009,Day n Nite,Kid Cudi,Kid Cudi vs. Crookers - Day 'n' Night (Official Video),WSWrepLjTKc,https://www.youtube.com/results?search_query=Kid%20Cudi%20vs.%20Crookers%20-%20Day%20%27n%27%20Night%20%28Official%20Video%29
2010,Superman,Black Coffee,Superman,w6-tR3PKCHA,https://www.youtube.com/results?search_query=Superman
2010,Just the way you are,Bruno Mars,Bruno Mars - Just The Way You Are (Official Music Video),LjhCEhWiKXk,https://www.youtube.com/results?search_query=Bruno%20Mars%20-%20Just%20The%20Way%20You%20Are%20%28Official%20Music%20Video%29
2010,Canoa,Gregor Salto,DJ Gregory & Gregor Salto - Canoa,xC5ECftsajo,https://www.youtube.com/results?search_query=DJ%20Gregory%20%26%20Gregor%20Salto%20-%20Canoa
2010,Love the way you lie,Eminem,Eminem - Love The Way You Lie ft. Rihanna,uelHwf8o7_U,https://www.youtube.com/results?search_query=Eminem%20-%20Love%20The%20Way%20You%20Lie%20ft.%20Rihanna
2010,What’s my name,Rihanna,Rihanna - What's My Name? ft. Drake,3RYhAN8kQoM,https://www.youtube.com/results?search_query=Rihanna%20-%20What%27s%20My%20Name%3F%20ft.%20Drake
2011,Grenade,Bruno Mars,Bruno Mars - Grenade (Official Music Video),SR6iYWJxHqs,https://www.youtube.com/results?search_query=Bruno%20Mars%20-%20Grenade%20%28Official%20Music%20Video%29
2011,We Found Love,Rihanna,Rihanna - We Found Love ft. Calvin Harris,tg00YEETFzg,https://www.youtube.com/results?search_query=Rihanna%20-%20We%20Found%20Love%20ft.%20Calvin%20Harris
2011,Rolling in the deep,Adele,Adele - Rolling in the Deep (Official Music Video),rYEDA3JcQqw,https://www.youtube.com/results?search_query=Adele%20-%20Rolling%20in%20the%20Deep%20%28Official%20Music%20Video%29
2011,Born this way,Lady Gaga,Lady Gaga - Born This Way (Official Music Video),wV1FrqwZyKw,https://www.youtube.com/results?search_query=Lady%20Gaga%20-%20Born%20This%20Way%20%28Official%20Music%20Video%29
2011,Someone like you,Adele,Adele - Someone Like You (Official Music Video),hLQl3WQQoQ0,https://www.youtube.com/results?search_query=Adele%20-%20Someone%20Like%20You%20%28Official%20Music%20Video%29
2012,Something Special,Miguel Campbell,Miguel Campbell - Something Special (Original Mix),nEJHueJiBvc,https://www.youtube.com/results?search_query=Miguel%20Campbell%20-%20Something%20Special%20%28Original%20Mix%29
2012,Diamonds,Rihanna,Rihanna - Diamonds,lWA2pjMjpBs,https://www.youtube.com/results?search_query=Rihanna%20-%20Diamonds
2012,Set fire to the rain,Adele,Set Fire to the Rain,a2giXO6eyuI,https://www.youtube.com/results?search_query=Set%20Fire%20to%20the%20Rain
2012,Locked out of heaven,Bruno Mars,Bruno Mars - Locked Out Of Heaven (Official Music Video),e-fA-gBCkj0,https://www.youtube.com/results?search_query=Bruno%20Mars%20-%20Locked%20Out%20Of%20Heaven%20%28Official%20Music%20Video%29
2012,Titanium,Sia,David Guetta - Titanium ft. Sia (Official Video),JRfuAukYTKg,https://www.youtube.com/results?search_query=David%20Guetta%20-%20Titanium%20ft.%20Sia%20%28Official%20Video%29
2013,When I was your man,Bruno Mars,Bruno Mars - When I Was Your Man (Official Music Video),ekzHIouo8Q4,https://www.youtube.com/results?search_query=Bruno%20Mars%20-%20When%20I%20Was%20Your%20Man%20%28Official%20Music%20Video%29
2013,Pour It Up,Rihanna,Rihanna - Pour It Up (Explicit),ehcVomMexkY,https://www.youtube.com/results?search_query=Rihanna%20-%20Pour%20It%20Up%20%28Explicit%29
2013,Get Lucky,Daft Punk,"Daft Punk - Get Lucky (Official Audio) ft. Pharrell Williams, Nile Rodgers",5NV6Rdv1a3I,https://www.youtube.com/results?search_query=Daft%20Punk%20-%20Get%20Lucky%20%28Official%20Audio%29%20ft.%20Pharrell%20Williams%2C%20Nile%20Rodgers
2013,Your Friend - Original,Gregor Salto,"Gregor Salto feat Chappell - Your friend (original)",BzHmGQZFCN0,https://www.youtube.com/results?search_query=Gregor+Salto+feat+Chappell+-+Your+friend+(original)
2013,Just give me a reason,Pink,P!nk - Just Give Me A Reason ft. Nate Ruess,OpQFFLBMEPI,https://www.youtube.com/results?search_query=P%21nk%20-%20Just%20Give%20Me%20A%20Reason%20ft.%20Nate%20Ruess
2014,Happy,Pharrel Williams,Pharrell Williams - Happy (Official Video),ZbZSe6N_BXs,https://www.youtube.com/results?search_query=Pharrell%20Williams%20-%20Happy%20%28Official%20Video%29
2014,All of Me,John Legend,John Legend - All of Me (Official Video),450p7goxZqg,https://www.youtube.com/results?search_query=John%20Legend%20-%20All%20of%20Me%20%28Official%20Video%29
2014,Latch,Disclosure,Disclosure - Latch ft. Sam Smith,93ASUImTedo,https://www.youtube.com/results?search_query=Disclosure%20-%20Latch%20ft.%20Sam%20Smith
2014,Rather Be,Clean Bandit,Clean Bandit - Rather Be ft. Jess Glynne [Official Video],m-M1AtrxztU,https://www.youtube.com/results?search_query=Clean%20Bandit%20-%20Rather%20Be%20ft.%20Jess%20Glynne%20%5BOfficial%20Video%5D
2014,La La La,Naughty Boy,Naughty Boy - La la la ft. Sam Smith (Official Video),3O1_3zBUKM8,https://www.youtube.com/results?search_query=Naughty%20Boy%20-%20La%20la%20la%20ft.%20Sam%20Smith%20%28Official%20Video%29
2015,Earned It,The Weekend,The Weeknd - Earned It (Fifty Shades Of Grey),xe_iCkFsQKE,https://www.youtube.com/results?search_query=The%20Weeknd%20-%20Earned%20It%20%28Fifty%20Shades%20Of%20Grey%29
2015,The Hills,The Weekend,The Weeknd - The Hills,yzTuBuRdAyA,https://www.youtube.com/results?search_query=The%20Weeknd%20-%20The%20Hills
2015,How deep is your love,Calvin Harris,Calvin Harris & Disciples - How Deep Is Your Love,EgqUJOudrcM,https://www.youtube.com/results?search_query=Calvin%20Harris%20%26%20Disciples%20-%20How%20Deep%20Is%20Your%20Love
2015,Thinking out loud,Ed Sheeran,Ed Sheeran - Thinking Out Loud (Official Music Video),lp-EO5I60KA,https://www.youtube.com/results?search_query=Ed%20Sheeran%20-%20Thinking%20Out%20Loud%20%28Official%20Music%20Video%29
2015,Can’t feel my face,The Weekend,The Weeknd - Can't Feel My Face (Official Video),KEI4qSrkPAs,https://www.youtube.com/results?search_query=The%20Weeknd%20-%20Can%27t%20Feel%20My%20Face%20%28Official%20Video%29
2016,I’m Yours,Alessia Cara,Alessia Cara - I’m Yours (Official Audio),A3tgV5Uoduo,https://www.youtube.com/results?search_query=Alessia%20Cara%20-%20I%E2%80%99m%20Yours%20%28Official%20Audio%29
2016,Work,Rihanna,Rihanna - Work (Explicit) ft. Drake,HL1UzIK-flA,https://www.youtube.com/results?search_query=Rihanna%20-%20Work%20%28Explicit%29%20ft.%20Drake
2016,Can’t stop the feeling,Justin Timberlake,"Justin Timberlake - CAN'T STOP THE FEELING! (from DreamWorks Animation's ""TROLLS"") (Official Video)",ru0K8uYEZWw,https://www.youtube.com/results?search_query=Justin%20Timberlake%20-%20CAN%27T%20STOP%20THE%20FEELING%21%20%28from%20DreamWorks%20Animation%27s%20%22TROLLS%22%29%20%28Official%20Video%29
2016,Pillowtalk,ZAYN,ZAYN - PILLOWTALK (Official Video),C_3d6GntKbk,https://www.youtube.com/results?search_query=ZAYN%20-%20PILLOWTALK%20%28Official%20Video%29
2016,Too Good,Drake,Drake - Too Good ft. Rihanna,1lbKUiZv1fI,https://www.youtube.com/results?search_query=Drake%20-%20Too%20Good%20ft.%20Rihanna
2017,Love on the brain,Rihanna,Rihanna - Love On The Brain,0RyInjfgNc4,https://www.youtube.com/results?search_query=Rihanna%20-%20Love%20On%20The%20Brain
2017,King of my castle,Wamdue Project,Wamdue Project - King of My Castle (Official HD Video),DXSyQjppqG0,https://www.youtube.com/results?search_query=Wamdue%20Project%20-%20King%20of%20My%20Castle%20%28Official%20HD%20Video%29
2017,There’s nothing holding me back,Shawn Mendes,Shawn Mendes - There's Nothing Holdin' Me Back (Official Music Video),dT2owtxkU8k,https://www.youtube.com/results?search_query=Shawn%20Mendes%20-%20There%27s%20Nothing%20Holdin%27%20Me%20Back%20%28Official%20Music%20Video%29
2017,Me rehuso,Danny Ocean,Danny Ocean -  Me Rehúso (Official Audio),aDCcLQto5BM,https://www.youtube.com/results?search_query=Danny%20Ocean%20-%20%20Me%20Reh%C3%BAso%20%28Official%20Audio%29
2017,Despacito,Luis Fonsi,Luis Fonsi - Despacito ft. Daddy Yankee,kJQP7kiw5Fk,https://www.youtube.com/results?search_query=Luis%20Fonsi%20-%20Despacito%20ft.%20Daddy%20Yankee
2018,Wish I didn’t miss you,Angie Stone,Angie Stone - Wish I Didn't Miss You,9PWz-NubVpM,https://www.youtube.com/results?search_query=Angie%20Stone%20-%20Wish%20I%20Didn%27t%20Miss%20You
2018,Cola,Camelphat,CamelPhat & Elderbrook 'Cola' (Official Video),LcNXG-6SqWA,https://www.youtube.com/results?search_query=CamelPhat%20%26%20Elderbrook%20%27Cola%27%20%28Official%20Video%29
2018,So hooked on your lovin’,Selace,Selace ‘So Hooked On Your Lovin’ (Mousse T.’s Extended Disco Shizzle),9NphyiMh36o,https://www.youtube.com/results?search_query=Selace%20%E2%80%98So%20Hooked%20On%20Your%20Lovin%E2%80%99%20%28Mousse%20T.%E2%80%99s%20Extended%20Disco%20Shizzle%29
2018,Gypsy Woman,Crystal Waters,Crystal Waters - Gypsy Woman (She's Homeless) (Official Music Video),_KztNIg4cvE,https://www.youtube.com/results?search_query=Crystal%20Waters%20-%20Gypsy%20Woman%20%28She%27s%20Homeless%29%20%28Official%20Music%20Video%29
2018,Lola’s Theme,The Shapeshifters,The Shapeshifters - Lola's Theme (OFFICIAL VIDEO),kIC0aQ56ASE,https://www.youtube.com/results?search_query=The%20Shapeshifters%20-%20Lola%27s%20Theme%20%28OFFICIAL%20VIDEO%29
2019,"Pa mi, Cuaderno, Que mas pues",Dalex,Dalex - Mashup Acústico (Rich Music Sessions),cK8DYOZIsMc,https://www.youtube.com/results?search_query=Dalex%20-%20Mashup%20Ac%C3%BAstico%20%28Rich%20Music%20Sessions%29
2019,Antes de Morirme (feat. Rosalía),C. Tangana,"C. Tangana - Antes de morirme feat. Rosalía (Video Oficial)",RxKVWs_qYBk,https://www.youtube.com/results?search_query=C.+Tangana+-+Antes+de+morirme+feat.+Rosal%C3%ADa+(Video+Oficial)
2019,No voy  a llorar,Natti Natasha,Natti Natasha - No Voy a Llorar [Official Video],Y3KiFoZHjFs,https://www.youtube.com/results?search_query=Natti%20Natasha%20-%20No%20Voy%20a%20Llorar%20%5BOfficial%20Video%5D
2019,Callaita,Bad Bunny,BAD BUNNY - CALLAÍTA (Video Oficial),acEOASYioGY,https://www.youtube.com/results?search_query=BAD%20BUNNY%20-%20CALLA%C3%8DTA%20%28Video%20Oficial%29
2019,Fingias,Paloma Mami,Paloma Mami - Fingías (Official Video),ltYUH6fEYdE,https://www.youtube.com/results?search_query=Paloma%20Mami%20-%20Fing%C3%ADas%20%28Official%20Video%29
2020,Rise Up,Andra Day,Andra Day - Rise Up [Official Music Video] [Inspiration Version],lwgr_IMeEgA,https://www.youtube.com/results?search_query=Andra%20Day%20-%20Rise%20Up%20%5BOfficial%20Music%20Video%5D%20%5BInspiration%20Version%5D
2020,Ride It,Regard,Regard - Ride It (Official Video),ucVUEmjKsko,https://www.youtube.com/results?search_query=Regard%20-%20Ride%20It%20%28Official%20Video%29
2020,Drive,Black Coffee,Drive,32HANv-bdJs,https://www.youtube.com/results?search_query=Drive
2020,Promises,Calvin Harris,"Calvin Harris, Sam Smith - Promises (Official Video)",kkLk2XWMBf8,https://www.youtube.com/results?search_query=Calvin%20Harris%2C%20Sam%20Smith%20-%20Promises%20%28Official%20Video%29
2020,El mismo Aire,Camilo,"Camilo, Pablo Alborán - El Mismo Aire (Official Video)",ZYDj7bys8jo,https://www.youtube.com/results?search_query=Camilo%2C%20Pablo%20Albor%C3%A1n%20-%20El%20Mismo%20Aire%20%28Official%20Video%29
2021,Needed Me,Rihanna,Needed Me,aaOjJWOJPRg,https://www.youtube.com/results?search_query=Needed%20Me
2021,Pretty Please,Dua Lipa,Dua Lipa - Pretty Please (Music Video),ylzhMn6MlVc,https://www.youtube.com/results?search_query=Dua%20Lipa%20-%20Pretty%20Please%20%28Music%20Video%29
2021,La Fama,Rosalia,ROSALÍA - LA FAMA (Official Video) ft. The Weeknd,e-CEd6xrRQc,https://www.youtube.com/results?search_query=ROSAL%C3%8DA%20-%20LA%20FAMA%20%28Official%20Video%29%20ft.%20The%20Weeknd
2021,Demasiadas Mujeres,C. Tangana,C. Tangana - Demasiadas Mujeres (Video Oficial),ZlFri4ez_lE,https://www.youtube.com/results?search_query=C.%20Tangana%20-%20Demasiadas%20Mujeres%20%28Video%20Oficial%29
2021,No se perdona,Rels B,"Rels B, NATHY PELUSO - NO SE PERDONA (Video Oficial)",ulhF2ARDchU,https://www.youtube.com/results?search_query=Rels%20B%2C%20NATHY%20PELUSO%20-%20NO%20SE%20PERDONA%20%28Video%20Oficial%29
2022,Buenos Aires,Nathy Peluso,NATHY PELUSO - BUENOS AIRES,O8BLUzAxNmQ,https://www.youtube.com/results?search_query=NATHY%20PELUSO%20-%20BUENOS%20AIRES
2022,Todo Contigo,Yoli Saa,Yoly Saa - Todo contigo (Videoclip Ofiical),PAwqjTmWnl0,https://www.youtube.com/results?search_query=Yoly%20Saa%20-%20Todo%20contigo%20%28Videoclip%20Ofiical%29
2022,Slomo,Channel,Chanel - SloMo (Official Video) [Eurovision 2022],Dwyefl6itpI,https://www.youtube.com/results?search_query=Chanel%20-%20SloMo%20%28Official%20Video%29%20%5BEurovision%202022%5D
2022,Linda,Rosalia,Tokischa x ROSALÍA - Linda [Official Video],CmmTz3W-JO0,https://www.youtube.com/results?search_query=Tokischa%20x%20ROSAL%C3%8DA%20-%20Linda%20%5BOfficial%20Video%5D
2022,Los Tontos,C. Tangana,"C. Tangana, Kiko Veneno - Los Tontos",vjWyRfnR5CQ,https://www.youtube.com/results?search_query=C.%20Tangana%2C%20Kiko%20Veneno%20-%20Los%20Tontos
2023,Flowers,Miley Cyrus,Miley Cyrus - Flowers (Official Video),G7KNmW9a75Y,https://www.youtube.com/results?search_query=Miley%20Cyrus%20-%20Flowers%20%28Official%20Video%29
2023,The Rapture pt. III,Keinemusik,"&ME, Black Coffee - The Rapture Pt.III",MOenJHdj8ro,https://www.youtube.com/results?search_query=%26ME%2C%20Black%20Coffee%20-%20The%20Rapture%20Pt.III
2023,Innerbloom,Rufus du Sol,RÜFÜS DU SOL ?? Innerbloom (Official Video),Tx9zMFodNtA,https://www.youtube.com/results?search_query=R%C3%9CF%C3%9CS%20DU%20SOL%20%3F%3F%20Innerbloom%20%28Official%20Video%29
2023,Prisioner,Miley Cyrus,Miley Cyrus - Prisoner (Official Video) ft. Dua Lipa,0ir1qkPXPVM,https://www.youtube.com/results?search_query=Miley%20Cyrus%20-%20Prisoner%20%28Official%20Video%29%20ft.%20Dua%20Lipa
2023,Watermelon Sugar,Shoby,Zach Oliver - Watermelon Sugar (Shoby Remix),yg9omUdKyF0,https://www.youtube.com/results?search_query=Zach%20Oliver%20-%20Watermelon%20Sugar%20%28Shoby%20Remix%29
2024,Move,Keinemusik,"Adam Port, Stryv - Move feat. Malachiii (Extended Version)",95dB-ObZ7Ho,https://www.youtube.com/results?search_query=Adam%20Port%2C%20Stryv%20-%20Move%20feat.%20Malachiii%20%28Extended%20Version%29
2024,Oh my God,Adele,Adele - Oh My God (Official Video),niG3YMU6jFk,https://www.youtube.com/results?search_query=Adele%20-%20Oh%20My%20God%20%28Official%20Video%29
2024,Jump,Levi,Levi - Jump (Official Visualiser),ZkIzfBwxMQo,https://www.youtube.com/results?search_query=Levi%20-%20Jump%20%28Official%20Visualiser%29
2024,Darling,Shimza,Shimza & Aloe Blacc - Darling (Visualizer) [Helix Records],7EXcGG2krFQ,https://www.youtube.com/results?search_query=Shimza%20%26%20Aloe%20Blacc%20-%20Darling%20%28Visualizer%29%20%5BHelix%20Records%5D
2024,Don’t be so shy,Imany,Imany - Don't Be So Shy (Filatov & Karas Remix) / Official Music Video,b1_B-IKEufg,https://www.youtube.com/results?search_query=Imany%20-%20Don%27t%20Be%20So%20Shy%20%28Filatov%20%26%20Karas%20Remix%29%20/%20Official%20Music%20Video
2025,Crazy for it,Keinemusik,"Keinemusik, Boys Noize - Crazy For It (feat. Vinson)",7q8mnv5uZpQ,https://www.youtube.com/results?search_query=Keinemusik%2C%20Boys%20Noize%20-%20Crazy%20For%20It%20%28feat.%20Vinson%29
2025,Una noche,HUGEL,una noche con hugel,IJwLS3uBMEk,https://www.youtube.com/results?search_query=una%20noche%20con%20hugel
2025,Places,Shimza,Elderbrook & Shimza - Places (Official Video),lsQ6JgJfOTM,https://www.youtube.com/results?search_query=Elderbrook%20%26%20Shimza%20-%20Places%20%28Official%20Video%29
2025,Overthink,Naarly,Overthink,o3B3dWYJgJQ,https://www.youtube.com/results?search_query=Overthink
2025,I Adore You,HUGEL,HUGEL x Topic x Arash feat. Daecolm - I Adore You (Visualizer),KiIc54yyktw,https://www.youtube.com/results?search_query=HUGEL%20x%20Topic%20x%20Arash%20feat.%20Daecolm%20-%20I%20Adore%20You%20%28Visualizer%29
2026,La Perla,Rosalía,ROSALÍA - La Perla (Official Video) ft. Yahritza Y Su Esencia,GkTWxDB21cA,https://www.youtube.com/results?search_query=la+perla+rosalia
2026,I drink wine,Adele,Adele - I Drink Wine (Official Video),jDvYDzFOK9A,https://www.youtube.com/results?search_query=i+drink+wine+adele
2026,Ivonny Bonita,Karol G,KAROL G - Ivonny Bonita (Official Video),YcBUfrOguRQ,https://www.youtube.com/results?search_query=ivonny+bonita+karol+g
